{"sidebar-blog":{"text-3":{"title":"Advertisement","text":"<img src=\"https:\/\/demo.idtheme.com\/img\/banner-260x217.jpg\" alt=\"banner sidebar\" title=\"banner sidebar\" height=\"217\" width=\"260\" \/>","filter":false,"visual":false},"search-3":{"title":"Search Blog"},"idmuvi-recent-blogs-2":{"title":"Recent Blogs","idmuv_category_ids":[0],"idmuv_tag_ids":[0],"idmuv_number_posts":5,"idmuv_title_length":40,"idmuv_hide_current_post":false,"idmuv_show_meta":true,"idmuv_show_thumb":true,"idmuv_category":"","idmuv_tag":""}},"sidebar-1":{"text-2":{"title":"Advertisement","text":"<img src=\"https:\/\/demo.idtheme.com\/img\/banner-260x217.jpg\" alt=\"banner sidebar\" title=\"banner sidebar\" height=\"217\" width=\"260\" \/>","filter":false,"visual":false},"idmuvi-search-2":{"title":"Search Movie"},"idmuvi-mostview-2":{"title":"Most View Movies","idmuv_category_ids":[0],"idmuv_tag_ids":[0],"idmuv_number_posts":5,"idmuv_title_length":40,"idmuv_popular_date":"alltime","idmuv_hide_current_post":false,"idmuv_show_meta":true,"idmuv_show_view_data":true,"idmuv_show_thumb":true,"idmuv_category":"","idmuv_tag":""}},"home-module":{"muvipro-posts-3":{"title":"Drama","link_title":"http:\/\/demo.idtheme.com\/muvipro\/genre\/drama\/","idmuv_category_ids":[0],"idmuv_tag_ids":[0],"idmuv_number_posts":8,"idmuv_title_length":40,"idmuv_posttype":"all","idmuv_category":"Drama, ","idmuv_tag":"","idmuv_country":"","idmuv_year":"","idmuv_orderby":"date"},"muvipro-posts-2":{"title":"Action","link_title":"http:\/\/demo.idtheme.com\/muvipro\/genre\/action\/","idmuv_category_ids":[97],"idmuv_tag_ids":[0],"idmuv_number_posts":8,"idmuv_title_length":40,"idmuv_posttype":"all","idmuv_category":"Action, ","idmuv_tag":"","idmuv_country":"","idmuv_year":"","idmuv_orderby":"date"}},"footer-1":{"text-4":{"title":"Tentang muvipro","text":"Muvipro adalah sebuah theme movie streaming yang sangat powerful, dengan design yang di sesuaikan dengan tampilan dan mata pengguna di indonesia.\r\n\r\nPerlu diketahui, film-film yang terdapat pada web ini didapatkan dari web pencarian di internet. Kami tidak menyimpan file film tersebut di server sendiri dan kami hanya menempelkan link-link tersebut di website kami","filter":false}},"footer-2":{"muvipro_tag_cloud-2":{"orderby_tags":"name","format_tags":"flat","number_tags":10,"title":"Tag Cloud","taxonomy":"post_tag"}},"footer-3":{"muvipro_tag_cloud-3":{"orderby_tags":"name","format_tags":"flat","number_tags":10,"title":"Genre Film","taxonomy":"category"}}}